<?xml version="1.0" encoding="UTF-8" standalone="yes"?>
<addon id="script.plex"
       name="Plex"
       version="0.1.7a3"
       provider-name="Plex">
    <requires>
        <import addon="xbmc.python" version="2.26.0"/>
        <import addon="script.module.requests" version="2.22.0" />
        <import addon="script.module.six" version="1.13.0" />
        <import addon="script.module.kodi-six" version="0.1.3" />
    </requires>
    <extension point="xbmc.python.script" library="default.py">
        <provides>video</provides>
    </extension>
    <extension point="xbmc.python.pluginsource" library="plugin.py">
        <provides>executable</provides>
    </extension>
	<extension point="xbmc.ui.screensaver" library="screensaver.py"/>
    <extension point="xbmc.service" library="service.py" start="startup"></extension>
    <extension point="xbmc.addon.metadata">
        <summary lang="en">Plex for Kodi</summary>
        <summary lang="de">Plex für Kodi</summary>
        <summary lang="hu">Plex for Kodi</summary>
        <summary lang="it">Plex per Kodi</summary>
        <summary lang="ru">Plex for Kodi</summary>
        <description lang="en">Official Plex for Kodi add-on</description>
        <description lang="de">Offizielles Plex für Kodi Addon</description>
        <description lang="hu">Hivatalos Plex for Kodi add-on</description>
        <description lang="it">Addon ufficiale Plex per Kodi</description>
        <description lang="fr">Add-on Officiel Plex pour Kodi</description>
        <description lang="ru">Официальный аддон Plex for Kodi</description>
        <license>GNU GENERAL PUBLIC LICENSE. Version 2, June 1991</license>
        <forum>https://forums.plex.tv/tags/plex-for-kodi</forum>
        <website>https://www.plex.tv</website>
        <source>https://github.com/plexinc/plex-for-kodi</source>
        <platform>all</platform>
        <news>
Add Italian translations (thanks to iz8mbw)
Use Kodi time format setting (Issue #90) (thanks to pannal)
Restore last window when starting the add-on while it is running (Issue #126)
Add Portuguese (Brazil) translations (thanks to DiogoAbu)
Add ability to exit search edit box with previous menu (escape) button (Issue #194) (thanks to pannal
Only play unwatched media when pressing play or shuffle and filtering for unwatched (thanks to tlt21)
Fix issue with duplicated icons when fast-scrolling a hub (Issue #177) (thanks to pannal)
Fixed GUI not responding after public IP renewal (thanks to pannal and mkliche)
Advanced setting: Automatically seek selected position after a delay (Issue #172) (thanks to pannal)
Advanced setting: Use skip step settings from Kodi (Issue #133) (thanks to pannal)
Advanced setting: Use Plex/Kodi steps for timeline (Issue #133) (thanks to pannal)
OSD-Autohide improvements (thanks to pannal)
Show post play on user stop when item is considered played (thanks to pannal)
Use Unplayed/Played instead of Unwatched/Watched (thanks to pannal)
Fix issue with cast popup displaying partially offscreen (thanks to pannal)
Various fixes for incorrectly transcoded playback (Issue #201) (thanks to pannal)
Support new subtitles menu in playback for Leia (thanks to pannal)
Make sure progress bar is visible on items with less than 2% watched (thanks to pannal)
Fix focus issues caused when hubs are removed, i.e. On Deck, Continue Watching (thanks to pannal)
Fix issues with flattened seasons
Allow Kodi info display to be visible when hitting the info button
Fixes hubs not updating and some crash issues
More fixes for Kodi 18, ex. missing letters list (Issue #265)
Fix resume behavior with DSPlayer (thanks to pannal)
Add Polish translations (thanks to Zachar2)
Playlist and album view tweaks (thanks to pannal)
Quality selection clean up and fixes (thanks to pannal)
Fix to allow 3D mode selection
Add advanced option to skip the header when going back (thanks to pannal)
Ensure paused state is retained after seeking or changing video settings (thanks to pannal)
Allow closing of the options header in scrolled views using context menu button (thanks to pannal)
Some direct playback fixes (thanks to pannal)
Some shutdown fixes (thanks to pannal)
Show play state indicators to related items in preplays and On Deck in postplay (thanks to pannal)
Fix some resume issues (thanks to pannal)
        </news>
    </extension>
</addon>
